id,rsex,typeschl,sclotbul,stfbuljb,gotostaf,schlbul,ubullsch,oftenbul,ubulloth,oftenub
1.0,Female,Secondary,A little,Don't know,,Don't know,No,,No,
2.0,Male,Secondary,A little,Yes,It depends,Don't know,No,,No,
3.0,Female,Grammar,A little,Yes,It depends,Don't know,No,,No,
4.0,Female,Planned Integrated,A little,Yes,It depends,Yes,Yes,Not at all,No,
5.0,Female,Grammar,A little,Yes,It depends,Don't know,No,,No,
6.0,Male,Grammar,A lot,Yes,It depends,Yes,Yes,A little,No,
7.0,Male,Secondary,A little,No,,No,No,,No,
8.0,Female,Grammar,Not at all,Yes,Would not talk to them,No,No,,No,
9.0,Male,Secondary,A little,Yes,It depends,Don't know,Yes,Not at all,No,
10.0,Female,Secondary,A little,Yes,It depends,Yes,Yes,Not at all,No,
11.0,Male,Grammar,A little,Yes,It depends,Yes,No,,Yes,Not at all 
12.0,Female,Secondary,A lot,Yes,Would not talk to them,Yes,No,,No,
13.0,Male,Grammar,A little,No,,Yes,No,,No,
14.0,Female,Secondary,A little,No,,Yes,Yes,Not at all,No,
15.0,Female,Grammar,A little,Don't know,,Yes,No,,No,
16.0,Male,Grammar,A little,Yes,Would not talk to them,Yes,Yes,Not at all,No,
17.0,Female,Grammar,A little,Yes,It depends,No,No,,No,
18.0,Female,Secondary,A little,Yes,It depends,Don't know,No,,No,
19.0,Female,Secondary,A little,Yes,It depends,No,No,,No,
20.0,Female,Planned Integrated,A little,Yes,Would talk to them,Yes,No,,No,
21.0,Female,Grammar,A little,No,,Yes,No,,No,
22.0,Male,Secondary,A lot,Yes,It depends,,Yes,A little,No,
23.0,Male,Secondary,A little,Yes,Would talk to them,Yes,No,,No,
24.0,Female,Secondary,A little,Yes,It depends,No,No,,No,
25.0,Female,Grammar,A little,No,,No,Yes,Not at all,No,
26.0,Female,Grammar,A little,Don't know,,Yes,Yes,Not at all,No,
27.0,Female,Grammar,A little,No,,No,No,,No,
28.0,Female,Grammar,A little,Yes,Would not talk to them,No,No,,No,
29.0,Male,Secondary,A lot,Yes,It depends,Yes,Yes,Not at all,No,
30.0,Female,Secondary,A lot,Yes,It depends,Yes,Yes,Not at all,No,
31.0,Male,Secondary,A little,No,,No,No,,No,
32.0,Female,Grammar,Not at all,Don't know,,Yes,No,,No,
33.0,Male,Secondary,A little,Yes,It depends,,No,,No,
34.0,Male,Grammar,A little,Don't know,,Yes,Yes,Not at all,Yes,A little
35.0,Female,Secondary,A little,Yes,Would not talk to them,Don't know,No,,No,
36.0,Female,Grammar,A little,Yes,It depends,No,No,,No,
37.0,Female,Secondary,Not at all,Yes,It depends,Yes,No,,No,
38.0,Male,,,,,,,,,
39.0,Female,Secondary,A little,Don't know,,No,No,,No,
40.0,Male,Secondary,A little,No,,No,No,,No,
41.0,Male,Grammar,A little,No,,Don't know,No,,No,
42.0,Female,Grammar,A little,Yes,It depends,Yes,No,,No,
43.0,Female,Secondary,A lot,Yes,It depends,No,Yes,Not at all,No,
44.0,Female,Grammar,A little,Yes,It depends,Don't know,No,,No,
45.0,Female,Grammar,A little,Yes,It depends,Yes,Yes,Not at all,No,
46.0,Female,Grammar,A little,No,,Yes,No,,No,
47.0,Female,Grammar,A little,Yes,Would talk to them,Yes,No,,No,
48.0,Male,Grammar,A little,Yes,It depends,Yes,Yes,Not at all,No,
49.0,Male,Grammar,A little,Yes,Would not talk to them,No,Yes,Not at all,No,
50.0,Female,Grammar,A little,Yes,It depends,Yes,No,,No,
51.0,Female,Grammar,Not at all,Yes,It depends,Yes,No,,No,
52.0,Female,Grammar,A little,No,,No,No,,No,
53.0,Female,Grammar,A little,Don't know,,No,Yes,A little,No,
54.0,Male,Secondary,Don't know,Yes,Don't know,Don't know,No,,No,
55.0,Female,Grammar,A lot,Don't know,,Don't know,No,,No,
56.0,Female,Grammar,A little,Yes,Would not talk to them,Don't know,No,,No,
57.0,Female,Grammar,A little,Don't know,,Yes,Yes,Not at all,No,
58.0,Male,Planned Integrated,Not at all,Yes,It depends,Yes,No,,No,
59.0,Female,Grammar,A little,Don't know,,No,No,,No,
60.0,Female,Grammar,Don't know,Yes,It depends,No,No,,No,
61.0,Female,Secondary,A lot,Yes,It depends,Yes,Yes,A little,No,
62.0,Male,Grammar,A little,No,,No,No,,No,
63.0,Female,Grammar,A little,Yes,Would not talk to them,Yes,No,,No,
64.0,Female,Secondary,A lot,Yes,Would not talk to them,No,No,,No,
65.0,Male,Secondary,A lot,No,,No,No,,No,
66.0,Female,Grammar,Don't know,Don't know,,Yes,No,,No,
67.0,Female,Grammar,Don't know,Yes,Would talk to them,Yes,No,,No,
68.0,Female,Secondary,A little,Don't know,,No,Yes,Not at all,No,
69.0,Female,Grammar,Don't know,Don't know,,Don't know,No,,No,
70.0,Female,Secondary,A little,Don't know,,No,Yes,A little,No,
71.0,Female,Secondary,A lot,Yes,It depends,Yes,Yes,A little,Yes,A little
72.0,Female,Secondary,A little,Yes,It depends,Yes,No,,No,
73.0,Female,Grammar,A lot,Yes,It depends,Yes,Yes,A little,No,
74.0,Female,Grammar,A little,Yes,It depends,No,Yes,Not at all,No,
75.0,Female,Grammar,A little,Yes,It depends,No,No,,No,
76.0,Female,Secondary,A little,,,,No,,No,
77.0,Female,Grammar,Not at all,No,,Yes,No,,No,
78.0,Female,Secondary,A little,Yes,It depends,Yes,No,,No,
79.0,Female,Grammar,A lot,Yes,It depends,Yes,Yes,A lot,No,
80.0,Male,Grammar,A little,Yes,It depends,Yes,Yes,A little,Yes,A little
81.0,Male,Secondary,A little,Yes,It depends,,No,,No,
82.0,Female,Secondary,A little,Yes,It depends,No,No,,No,
83.0,Female,Secondary,A lot,No,,No,Yes,A little,No,
84.0,Female,Grammar,A little,Don't know,,Yes,No,,No,
85.0,Male,Grammar,Not at all,Yes,Would talk to them,Yes,No,,No,
86.0,Female,Secondary,A little,Don't know,,No,Yes,Not at all,Yes,Not at all 
87.0,Female,Grammar,A little,No,,No,Yes,Not at all,Yes,Not at all 
88.0,Female,Grammar,A little,Yes,Would talk to them,Yes,No,,No,
89.0,Male,Secondary,A little,Yes,It depends,Don't know,No,,No,
90.0,Female,Grammar,A little,Don't know,,Don't know,Yes,Not at all,No,
91.0,Female,Grammar,Don't know,Don't know,,Yes,No,,No,
92.0,Male,Planned Integrated,Don't know,Yes,It depends,Yes,No,,No,
93.0,Male,Secondary,A little,Yes,It depends,Yes,No,,No,
94.0,Female,Secondary,A little,Yes,It depends,,Yes,A little,No,
95.0,Male,Grammar,A little,Yes,Would talk to them,Yes,Yes,Not at all,No,
96.0,Male,Secondary,A little,Yes,It depends,No,No,,No,
97.0,Female,Secondary,A little,Don't know,,No,No,,No,
98.0,Female,Secondary,A lot,Yes,It depends,Don't know,Yes,Not at all,No,
,Female,Secondary,A little,Yes,Would not talk to them,Yes,No,,No,
100.0,Male,Grammar,A lot,Yes,It depends,No,Yes,A little,No,
101.0,Male,Grammar,,,,,,,,
102.0,Female,Secondary,A little,Yes,It depends,Yes,No,,No,
103.0,Male,Grammar,Don't know,Yes,Would not talk to them,Don't know,No,,No,
104.0,Female,Grammar,A little,No,,No,Yes,Not at all,No,
105.0,Male,Grammar,A little,Yes,It depends,No,No,,No,
106.0,Female,Grammar,A little,Yes,It depends,Yes,No,,No,
107.0,Female,Grammar,A little,Don't know,,Yes,No,,No,
108.0,Female,Secondary,A little,Yes,It depends,Don't know,No,,No,
109.0,Female,Secondary,A little,No,,No,No,,No,
110.0,Female,Grammar,A little,Yes,It depends,Yes,No,,No,
111.0,Female,Grammar,A little,Yes,It depends,Yes,No,,No,
112.0,Female,Secondary,Don't know,Yes,It depends,Yes,No,,No,
113.0,Female,Planned Integrated,A lot,Yes,Would not talk to them,No,No,,No,
114.0,Female,Grammar,A little,Yes,It depends,Yes,Yes,Not at all,No,
115.0,Female,Secondary,A little,Don't know,,Yes,No,,No,
116.0,Male,Grammar,A little,Yes,It depends,Yes,Yes,Not at all,Yes,Not at all 
117.0,Male,Grammar,Don't know,Yes,It depends,Yes,No,,No,
118.0,Female,Secondary,A little,Yes,Would talk to them,No,Yes,Not at all,No,
119.0,Female,Grammar,A little,Yes,It depends,Yes,No,,No,
120.0,Male,Grammar,A little,Yes,Would not talk to them,Yes,Yes,A little,No,
121.0,Male,,,,,,,,,
122.0,Male,Grammar,A little,Yes,Would not talk to them,Yes,No,,No,
123.0,Female,Grammar,A little,Don't know,,Don't know,No,,No,
124.0,Male,Grammar,A little,Yes,Would talk to them,Yes,No,,No,
125.0,Male,Grammar,A lot,Don't know,,Yes,Yes,Not at all,No,
126.0,Male,Grammar,A little,Don't know,,Yes,Yes,A little,No,
127.0,Male,Grammar,A little,Yes,It depends,Don't know,No,,No,
128.0,Male,Secondary,Don't know,Don't know,,Don't know,No,,No,
129.0,Female,Grammar,A little,No,,No,No,,No,
130.0,Male,Secondary,A little,Yes,It depends,Yes,Yes,Not at all,Yes,A little
131.0,Male,Planned Integrated,A little,Yes,It depends,Yes,No,,No,
132.0,Female,Grammar,A little,Yes,Would not talk to them,Yes,No,,No,
133.0,Female,Grammar,A little,No,,No,No,,No,
134.0,Male,Secondary,A little,Yes,Would talk to them,Yes,No,,No,
135.0,Male,Planned Integrated,A little,Yes,Would not talk to them,Yes,No,,No,
136.0,Male,Secondary,A little,Yes,It depends,Yes,No,,No,
137.0,Female,Grammar,A little,No,,No,Yes,A lot,No,
138.0,Female,Secondary,A little,Yes,Would not talk to them,Yes,Yes,A little,No,
139.0,Female,Secondary,A lot,No,,Don't know,No,,No,
140.0,Male,Secondary,A little,Yes,It depends,Yes,Yes,A little,No,
141.0,Male,Secondary,A little,No,,Yes,No,,No,
142.0,Male,Grammar,A lot,Don't know,,No,Yes,A little,No,
143.0,Female,Secondary,A little,Don't know,,Don't know,No,,No,
144.0,Female,Grammar,A little,Yes,It depends,Yes,No,,No,
145.0,Male,Secondary,A little,Yes,Would not talk to them,Yes,No,,No,
146.0,Male,Secondary,A lot,Yes,Would talk to them,Yes,Yes,Not at all,No,
147.0,Female,Grammar,A little,Yes,It depends,Yes,No,,Yes,Not at all 
148.0,Male,Grammar,A little,Yes,It depends,Don't know,Yes,Not at all,No,
149.0,Female,Grammar,A little,No,,Don't know,No,,No,
150.0,Male,Grammar,A little,Yes,It depends,Yes,No,,Yes,Not at all 
151.0,Female,Secondary,A little,Don't know,,No,Yes,Not at all,No,
152.0,Female,Grammar,A little,No,,No,No,,No,
153.0,Male,Grammar,Don't know,Yes,Would talk to them,Yes,No,,No,
154.0,Female,Secondary,A little,Yes,It depends,Yes,Yes,Not at all,No,
155.0,Female,Grammar,A little,No,,No,No,,,
156.0,Female,Grammar,Don't know,Yes,It depends,Don't know,No,,No,
157.0,Female,Grammar,A little,Don't know,,No,Yes,Not at all,No,
158.0,Female,Secondary,A little,Yes,Would not talk to them,No,Yes,Not at all,No,
159.0,Male,Secondary,A little,No,,No,No,,No,
160.0,Female,Secondary,A little,No,,No,No,,No,
161.0,Male,Grammar,A little,Don't know,,No,No,,No,
162.0,Male,Grammar,Don't know,Don't know,,Don't know,No,,No,
163.0,Female,Secondary,A little,Yes,Would talk to them,Yes,No,,No,
164.0,Female,Grammar,A little,Yes,Would not talk to them,No,No,,No,
165.0,Male,Grammar,Don't know,Yes,It depends,No,No,,No,
166.0,Female,Grammar,A little,Don't know,,Yes,Yes,Not at all,No,
167.0,Male,Secondary,Don't know,Yes,It depends,Yes,No,,No,
168.0,Female,Grammar,Not at all,Yes,It depends,Yes,No,,Yes,Not at all 
169.0,Female,Grammar,Not at all,Don't know,,Don't know,No,,No,
170.0,Male,Planned Integrated,A little,No,,Yes,No,,No,
171.0,Male,Secondary,A little,Don't know,,Yes,No,,No,
172.0,Male,Secondary,A little,No,,No,No,,Yes,A little
173.0,Female,Secondary,A little,Yes,It depends,Yes,No,,No,
174.0,Male,Grammar,A little,Don't know,,No,No,,No,
175.0,Female,Grammar,A little,Yes,It depends,Yes,Yes,Not at all,No,
176.0,Male,Grammar,Not at all,Yes,Would talk to them,Yes,No,,No,
177.0,Female,Secondary,A little,Yes,It depends,Yes,No,,No,
178.0,Female,Grammar,Not at all,Yes,It depends,Yes,No,,No,
179.0,Male,Grammar,A little,Yes,It depends,Yes,Yes,Not at all,No,
180.0,Female,Secondary,Not at all,Yes,It depends,No,No,,No,
181.0,Male,Secondary,A little,Yes,Would talk to them,Yes,No,,No,
182.0,Female,Grammar,A little,Yes,Would talk to them,Yes,No,,No,
183.0,Female,Grammar,A little,Yes,It depends,,No,,No,
184.0,Male,Grammar,A little,Yes,It depends,Yes,No,,No,
185.0,Male,Secondary,Not at all,Yes,It depends,Yes,No,,No,
186.0,Female,Secondary,A little,No,,No,Yes,Not at all,No,
187.0,Male,Secondary,Not at all,Yes,Would talk to them,Yes,No,,No,
188.0,Female,Other,A little,Yes,Would not talk to them,No,No,,No,
189.0,Male,Secondary,A little,Yes,It depends,Don't know,No,,No,
190.0,Female,Grammar,A little,Yes,Would not talk to them,Yes,Yes,Not at all,No,
191.0,Female,Secondary,Not at all,No,,Yes,No,,No,
192.0,Female,Secondary,A little,Yes,It depends,Yes,No,,No,
193.0,Male,Secondary,A little,Yes,Would not talk to them,No,No,,Yes,A little
194.0,Male,Planned Integrated,Don't know,Don't know,,Yes,No,,No,
195.0,Male,Secondary,A little,Don't know,,,Yes,A little,Yes,Not at all 
196.0,Male,Planned Integrated,Don't know,Yes,It depends,Yes,No,,No,
197.0,Male,Grammar,A little,No,,Don't know,No,,No,
198.0,Female,Secondary,A little,,,,No,,No,
199.0,Female,Secondary,A little,Yes,Would talk to them,Yes,No,,No,
200.0,Female,Secondary,A little,Yes,Would talk to them,Yes,No,,No,
201.0,Female,Secondary,A little,Don't know,,Don't know,No,,No,
202.0,Female,Grammar,A little,Don't know,,Yes,No,,No,
203.0,Male,Grammar,A little,Yes,It depends,Yes,Yes,Not at all,Yes,Not at all 
204.0,Male,Other,A little,Yes,It depends,No,No,,No,
205.0,Female,Secondary,Don't know,Don't know,,Yes,Yes,Not at all,No,
206.0,Female,Secondary,A lot,Yes,It depends,Yes,Yes,A little,No,
207.0,Male,Grammar,Not at all,Yes,It depends,Yes,No,,No,
208.0,Female,Grammar,A little,No,,No,No,,No,
209.0,Female,Grammar,A lot,Yes,Would not talk to them,Yes,No,,No,
210.0,Male,Secondary,A little,Yes,Would talk to them,Yes,No,,No,
211.0,Female,Secondary,Don't know,Yes,It depends,Don't know,No,,No,
212.0,Female,Secondary,Don't know,Yes,Would not talk to them,Yes,No,,No,
213.0,Female,Grammar,A little,Yes,Would not talk to them,No,No,,No,
214.0,Male,Grammar,A little,Yes,Would talk to them,Yes,No,,No,
215.0,Female,Secondary,A little,Don't know,,No,No,,No,
216.0,Male,Secondary,Don't know,Don't know,,Don't know,Yes,A little,No,
217.0,Male,Secondary,A little,Don't know,,Yes,No,,No,
218.0,Male,Secondary,A lot,Yes,Would not talk to them,No,Yes,A little,No,
219.0,Female,Planned Integrated,Not at all,Yes,Would talk to them,Yes,No,,No,
220.0,Male,Secondary,A little,No,,No,No,,No,
221.0,Female,Secondary,A little,Yes,Would not talk to them,Don't know,No,,No,
222.0,Female,Secondary,A little,Yes,It depends,Yes,No,,No,
223.0,Female,Grammar,A little,Yes,Would talk to them,No,No,,No,
224.0,Male,Grammar,A little,No,,Don't know,No,,No,
225.0,Male,Grammar,A little,Yes,It depends,Yes,No,,No,
226.0,Male,Planned Integrated,A little,Don't know,,Don't know,No,,No,
227.0,Female,Grammar,Not at all,Yes,Would talk to them,Yes,No,,No,
228.0,Female,Secondary,A little,Yes,It depends,Don't know,No,,No,
229.0,Female,Secondary,Don't know,No,,Yes,No,,No,
230.0,Female,Secondary,A little,Yes,It depends,Yes,Yes,Not at all,No,
231.0,Female,Secondary,A lot,Yes,It depends,Yes,Yes,A little,Yes,A little
232.0,Female,Secondary,A little,Yes,Would not talk to them,Yes,Yes,Not at all,Yes,A little
233.0,Female,Grammar,A little,No,,Yes,No,,No,
234.0,Female,Secondary,A lot,Yes,Would not talk to them,No,Yes,A little,No,
235.0,Female,Secondary,A little,Yes,It depends,Yes,No,,No,
236.0,Female,Grammar,Don't know,Yes,It depends,Yes,No,,No,
237.0,Female,Secondary,Don't know,Yes,Would not talk to them,Yes,No,,No,
238.0,Female,Planned Integrated,A little,Yes,It depends,Yes,Yes,A little,No,
239.0,Female,Grammar,A little,Don't know,,Yes,No,,No,
240.0,Female,Grammar,A little,Yes,It depends,Yes,Yes,Not at all,No,
241.0,Female,Secondary,A little,No,,No,No,,No,
242.0,Female,Grammar,Not at all,Don't know,,Yes,No,,No,
243.0,Male,Grammar,Not at all,No,,Yes,No,,No,
244.0,Female,Secondary,A little,Yes,It depends,Yes,No,,No,
245.0,Female,Secondary,A little,Yes,It depends,No,No,,No,
246.0,Male,Other,Not at all,Yes,Would talk to them,Yes,No,,No,
247.0,Female,Secondary,A lot,No,,No,No,,Yes,Not at all 
248.0,Female,Secondary,A lot,Yes,It depends,Yes,No,,No,
249.0,Female,Secondary,A little,Yes,It depends,Yes,No,,No,
250.0,Female,Secondary,A little,No,,No,No,,No,
251.0,Male,Secondary,A little,No,,No,Yes,A little,No,
252.0,Female,Secondary,A little,No,,Yes,No,,No,
253.0,Female,Secondary,A little,Yes,It depends,Yes,No,,No,
254.0,Female,Grammar,Don't know,Don't know,,No,No,,No,
255.0,Female,Secondary,Not at all,Yes,Would talk to them,Yes,No,,No,
256.0,Female,Grammar,A little,Yes,It depends,Don't know,No,,No,
257.0,Male,,A little,Don't know,,Yes,No,,No,
258.0,Male,Secondary,A little,Yes,Would talk to them,Yes,Yes,Not at all,No,
259.0,Male,Secondary,A lot,Yes,It depends,Yes,Yes,Not at all,No,
260.0,Male,Secondary,A little,Yes,It depends,Yes,No,,No,
261.0,Female,Secondary,Not at all,Yes,It depends,Yes,No,,No,
262.0,Male,Secondary,Don't know,Don't know,,Yes,No,,No,
263.0,Female,Grammar,A little,Yes,It depends,No,Yes,Not at all,No,
264.0,Female,Secondary,A little,Yes,Would not talk to them,No,No,,No,
265.0,Female,Grammar,A little,Yes,Would talk to them,Yes,Yes,Not at all,No,
266.0,Female,Grammar,A little,Yes,It depends,Yes,No,,No,
267.0,Female,Grammar,A little,Don't know,,No,Yes,Not at all,No,
268.0,Male,Grammar,A little,Don't know,,Yes,Yes,Not at all,Yes,Not at all 
269.0,Female,Grammar,A little,Yes,It depends,Yes,No,,No,
270.0,Female,Secondary,A little,No,,No,No,,No,
271.0,Male,Secondary,A little,Yes,It depends,Don't know,No,,No,
272.0,Female,Grammar,A little,No,,Yes,No,,No,
273.0,Female,Secondary,A little,Yes,It depends,Don't know,No,,No,
274.0,Female,Grammar,A little,Yes,It depends,Yes,No,,No,
275.0,Female,Grammar,A little,Don't know,,Yes,No,,No,
276.0,Female,Grammar,A little,No,,No,Yes,A little,No,
277.0,Female,Grammar,A lot,Yes,Would not talk to them,No,No,,No,
278.0,Female,Grammar,A little,Yes,It depends,No,No,,No,
279.0,,Grammar,A little,Yes,Would not talk to them,No,No,,No,
280.0,Male,Secondary,A little,Don't know,,Don't know,No,,No,
281.0,Female,Secondary,A lot,No,,Yes,Yes,A little,No,
282.0,Female,Grammar,A little,Yes,It depends,Yes,No,,No,
283.0,Female,Grammar,A little,Yes,Would not talk to them,No,Yes,Not at all,No,
284.0,Female,Secondary,A little,Yes,It depends,Yes,Yes,Not at all,No,
285.0,Male,Grammar,A little,Yes,Would not talk to them,Yes,No,,Yes,A little
286.0,,Secondary,Not at all,Yes,Would not talk to them,No,No,,No,
287.0,Female,Secondary,A lot,Yes,Would not talk to them,No,Yes,Not at all,No,
288.0,Male,Secondary,A little,Yes,Would not talk to them,No,Yes,Not at all,No,
289.0,Female,Secondary,A little,Yes,Would not talk to them,Don't know,No,,No,
290.0,Male,Grammar,A little,Don't know,,Don't know,No,,No,
291.0,Male,Secondary,A little,No,,No,No,,No,
292.0,Male,Planned Integrated,Not at all,No,,Yes,No,,No,
293.0,Female,Grammar,A little,Don't know,,No,Yes,Not at all,No,
294.0,Female,Grammar,A little,Yes,It depends,Yes,No,,No,
295.0,Male,Grammar,A little,Yes,Would not talk to them,Yes,No,,No,
296.0,Female,Secondary,Not at all,Yes,It depends,Don't know,No,,No,
297.0,Female,Planned Integrated,A little,Yes,It depends,Yes,No,,No,
298.0,Male,Secondary,A little,Yes,Would not talk to them,Yes,No,,No,
299.0,Male,Secondary,A lot,Yes,Would not talk to them,No,Yes,Not at all,No,
300.0,Male,Grammar,A little,Yes,Would not talk to them,No,Yes,Not at all,No,
301.0,Female,Secondary,A little,Yes,It depends,Yes,Yes,A little,No,
302.0,Female,Grammar,A little,Yes,It depends,Yes,No,,No,
303.0,Male,Secondary,A little,Yes,It depends,Yes,Yes,A little,No,
304.0,Male,Grammar,A little,Yes,It depends,Don't know,No,,No,
305.0,Male,Grammar,A little,Yes,Would not talk to them,Don't know,No,,No,
306.0,Male,Planned Integrated,A little,Yes,It depends,Yes,No,,No,
307.0,Female,Secondary,A lot,Yes,Would not talk to them,Yes,Yes,Not at all,No,
308.0,Male,Grammar,A little,Yes,It depends,Yes,No,,No,
309.0,Male,Grammar,Don't know,Yes,Would talk to them,Yes,No,,No,
310.0,Male,Secondary,Not at all,Yes,Would talk to them,Yes,No,,No,
311.0,Female,Secondary,A little,Yes,It depends,Yes,Yes,Not at all,No,
312.0,Male,Secondary,A little,Yes,Would talk to them,Yes,No,,No,
313.0,Female,Secondary,A little,Yes,Would not talk to them,No,No,,No,
314.0,Male,,,,,,,,,
315.0,Male,Grammar,A little,Yes,Would not talk to them,No,Yes,Not at all,No,
316.0,Female,Secondary,A little,No,,Yes,Yes,Not at all,No,
317.0,Male,Secondary,Not at all,Yes,Would not talk to them,Yes,Yes,Not at all,No,
318.0,Male,Grammar,A little,Yes,Would not talk to them,Yes,No,,No,
319.0,Female,Secondary,A lot,Yes,Would not talk to them,No,No,,No,
320.0,Male,Grammar,A little,Yes,It depends,Yes,No,,No,
321.0,Male,Planned Integrated,Not at all,Yes,Would talk to them,Yes,No,,No,
322.0,Female,Planned Integrated,A lot,Yes,Would not talk to them,No,Yes,A little,No,
323.0,Female,Grammar,A little,Yes,It depends,Yes,No,,No,
324.0,Male,,,,,,,,,
325.0,Female,Secondary,A lot,Yes,Would talk to them,Yes,Yes,Not at all,No,
326.0,Male,Secondary,A little,Yes,It depends,Yes,No,,No,
327.0,Female,Grammar,A little,Yes,It depends,Yes,No,,No,
328.0,Female,Grammar,A little,Yes,It depends,Don't know,No,,No,
329.0,Male,Grammar,Not at all,No,,Yes,No,,No,
330.0,Male,Secondary,A little,Yes,Would not talk to them,Yes,No,,No,
331.0,Male,Grammar,A little,Don't know,,Don't know,Yes,Not at all,No,
332.0,Female,Secondary,A little,Yes,Would not talk to them,Yes,Yes,Not at all,No,
333.0,Male,Secondary,A little,Yes,It depends,Yes,No,,No,
334.0,Male,Secondary,A little,Yes,Would talk to them,Yes,No,,No,
335.0,Male,Grammar,A little,Don't know,,,No,,No,
336.0,Male,Grammar,A little,Yes,Would not talk to them,Yes,Yes,Not at all,No,
337.0,Female,Secondary,A little,Yes,It depends,Don't know,No,,No,
338.0,Male,Secondary,A little,Yes,Would talk to them,Yes,Yes,Not at all,No,
339.0,Male,Secondary,A little,Yes,It depends,Yes,No,,No,
340.0,Female,Secondary,A little,Yes,Would talk to them,Yes,Yes,Not at all,No,
341.0,Female,Secondary,A little,Yes,It depends,Yes,No,,No,
342.0,Male,Grammar,A little,Yes,Don't know,Don't know,No,,No,
343.0,Male,Secondary,Not at all,Yes,Would talk to them,Yes,No,,No,
344.0,Female,Secondary,Don't know,Don't know,,Yes,No,,No,
345.0,Male,Planned Integrated,A little,Yes,It depends,Yes,Yes,Not at all,Yes,Not at all 
346.0,Female,Grammar,A little,Yes,Would not talk to them,Yes,No,,No,
347.0,Female,Secondary,A lot,Yes,Would not talk to them,No,Yes,Not at all,No,
348.0,Male,Secondary,Don't know,Yes,Don't know,Yes,No,,No,
349.0,Male,Secondary,A little,Yes,Would not talk to them,No,No,,No,
350.0,Male,Secondary,A lot,Yes,Would not talk to them,No,No,,No,
351.0,Female,Secondary,A lot,Yes,Would talk to them,Yes,No,,No,
352.0,Female,Secondary,A little,Yes,It depends,Yes,No,,No,
353.0,Male,Grammar,Not at all,Yes,It depends,Yes,No,,No,
354.0,Male,Grammar,A little,Yes,It depends,Yes,No,,No,
355.0,Female,Grammar,A little,Don't know,,Yes,No,,No,
356.0,Male,Grammar,A little,Don't know,,Yes,Yes,Not at all,No,
357.0,Male,Grammar,Not at all,Don't know,,No,No,,No,
358.0,Male,Grammar,A little,No,,No,No,,No,
359.0,Male,Secondary,A little,No,,No,No,,No,
360.0,Male,Secondary,A lot,Yes,Would not talk to them,Yes,No,,No,
361.0,Female,Secondary,A little,Yes,Would talk to them,Yes,No,,No,
362.0,Female,Secondary,Not at all,Yes,Would talk to them,Yes,No,,No,
363.0,Female,Grammar,A little,Yes,It depends,Yes,No,,No,
364.0,Female,,A little,Yes,Would talk to them,No,No,,No,
365.0,Male,Secondary,A little,Yes,It depends,Yes,No,,Yes,A little
366.0,Female,Secondary,A little,Yes,Would talk to them,No,No,,No,
367.0,Female,Grammar,A little,No,,No,No,,No,
368.0,Female,Secondary,Not at all,Yes,It depends,Don't know,No,,No,
369.0,Male,Secondary,A little,Don't know,,Don't know,Yes,A little,No,
370.0,Female,Secondary,A little,Yes,It depends,Yes,Yes,Not at all,No,
371.0,Female,Secondary,Don't know,Yes,It depends,Yes,No,,No,
372.0,Male,Secondary,A little,Don't know,,Yes,No,,No,
373.0,Female,Grammar,A lot,Yes,Would not talk to them,No,No,,No,
374.0,Female,Secondary,A little,Don't know,,No,Yes,Not at all,No,
375.0,Male,Grammar,A little,Yes,It depends,Yes,No,,No,
376.0,Female,Planned Integrated,A little,Don't know,,No,No,,No,
377.0,Male,Grammar,A little,No,,Don't know,No,,No,
378.0,Female,Grammar,A little,Yes,Would talk to them,Yes,Yes,A little,No,
379.0,Female,Grammar,Not at all,Yes,It depends,Yes,No,,No,
380.0,Female,Grammar,Not at all,Yes,It depends,Yes,No,,No,
381.0,Female,Secondary,A little,Don't know,,Yes,No,,No,
382.0,Male,Grammar,A little,Yes,It depends,Yes,Yes,Not at all,No,
383.0,Female,Secondary,A little,Yes,It depends,Yes,No,,No,
384.0,Female,Secondary,A little,Yes,It depends,Yes,No,,No,
385.0,Female,Secondary,Not at all,Yes,It depends,Yes,Yes,Not at all,No,
386.0,Female,Grammar,A little,Yes,It depends,Yes,No,,No,
387.0,Male,Secondary,A little,Yes,It depends,No,No,,No,
388.0,Male,Grammar,Don't know,Yes,Would not talk to them,Don't know,Yes,Not at all,No,
389.0,Male,Secondary,A little,Yes,Would not talk to them,Yes,No,,No,
390.0,Female,Grammar,A little,Yes,Would talk to them,Yes,No,,No,
391.0,Female,Secondary,A little,Yes,Would talk to them,Yes,Yes,Not at all,No,
392.0,Male,Secondary,Don't know,Don't know,,Don't know,No,,No,
393.0,Female,Secondary,A little,No,,No,No,,No,
394.0,Female,Secondary,A little,Yes,It depends,Yes,No,,No,
395.0,Female,Secondary,A little,Don't know,,Don't know,No,,No,
396.0,Female,Secondary,A little,Don't know,,No,Yes,A little,Yes,A little
397.0,Female,Secondary,A little,Yes,It depends,Yes,No,,No,
398.0,Male,Grammar,Don't know,Yes,Would talk to them,Yes,No,,No,
399.0,Male,Secondary,A little,No,,No,Yes,A lot,No,
400.0,Female,Secondary,A little,Yes,Would not talk to them,Yes,No,,No,
401.0,Female,Grammar,A lot,Yes,Would not talk to them,Yes,No,,No,
402.0,Female,Grammar,A little,Yes,It depends,Yes,No,,No,
403.0,Female,Secondary,A lot,No,,No,Yes,Not at all,No,
404.0,Male,Grammar,A lot,Yes,Would talk to them,No,Yes,Not at all,Yes,Not at all 
405.0,Female,Secondary,A lot,No,,No,Yes,Not at all,Yes,Not at all 
406.0,Female,Grammar,A little,No,,No,No,,No,
407.0,Male,Secondary,A lot,,,No,No,,No,
408.0,Female,Secondary,Don't know,Yes,It depends,Yes,No,,No,
409.0,Female,Secondary,A little,Yes,It depends,Yes,Yes,Not at all,No,
410.0,Female,Grammar,A little,Yes,It depends,No,Yes,Not at all,No,
411.0,Female,Secondary,A little,Yes,Would talk to them,Yes,No,,No,
412.0,Female,Grammar,A little,Yes,It depends,Don't know,No,,No,
413.0,Female,Secondary,A little,Yes,Would not talk to them,No,No,,No,
414.0,Male,Secondary,A little,Yes,Would not talk to them,Yes,No,,No,
415.0,Female,Grammar,A little,Yes,Would talk to them,Yes,Yes,Not at all,No,
416.0,Female,Grammar,A little,No,,No,No,,No,
417.0,Female,Secondary,A little,Don't know,,Don't know,No,,No,
418.0,Male,Grammar,Not at all,Yes,Would talk to them,Yes,Yes,Not at all,No,
419.0,Female,Grammar,A little,Don't know,,No,No,,No,
420.0,Male,Grammar,A little,Yes,It depends,No,No,,No,
421.0,Female,Grammar,Don't know,Yes,Would not talk to them,No,No,,No,
422.0,Male,Grammar,Not at all,Don't know,,Yes,No,,No,
423.0,Male,Grammar,A little,Yes,It depends,No,Yes,A little,No,
424.0,Female,Secondary,A little,Yes,Would talk to them,Yes,Yes,Not at all,No,
425.0,Female,Grammar,A little,Yes,It depends,No,No,,No,
426.0,Female,Planned Integrated,A little,No,,No,Yes,Not at all,Yes,A little
427.0,Female,Grammar,A little,Yes,It depends,Yes,No,,,
428.0,Female,Secondary,A little,Yes,It depends,No,No,,No,
429.0,Male,Grammar,A little,Yes,Would not talk to them,Yes,No,,No,
430.0,Male,Grammar,A little,Yes,Would not talk to them,No,No,,No,
431.0,Female,Secondary,A little,Yes,Would not talk to them,Yes,Yes,Not at all,No,
432.0,Female,Grammar,Not at all,Yes,It depends,Yes,No,,No,
433.0,Male,Secondary,A lot,No,,No,No,,Yes,A little
434.0,Male,Grammar,Not at all,Yes,It depends,Yes,No,,,
435.0,Male,Grammar,A little,Yes,It depends,Yes,No,,No,
436.0,Female,Grammar,A little,Yes,Would not talk to them,No,Yes,A little,No,
437.0,Male,Grammar,A little,No,,Don't know,No,,Yes,Not at all 
438.0,Female,Grammar,Don't know,Yes,It depends,Don't know,No,,No,
439.0,Female,Secondary,A little,Don't know,,Yes,No,,No,
440.0,Male,Secondary,A little,,,Don't know,No,,No,
441.0,Female,Secondary,A lot,No,,No,Yes,Not at all,No,
442.0,Male,Grammar,A little,Yes,Would not talk to them,Yes,No,,No,
443.0,Male,Grammar,Not at all,Yes,Would not talk to them,Yes,No,,No,
444.0,Male,Grammar,A little,No,,Yes,No,,No,
445.0,Male,Secondary,A lot,No,,Don't know,Yes,A little,No,
446.0,Female,Secondary,A little,Yes,Would not talk to them,No,No,,No,
447.0,Female,Grammar,A little,Yes,Would not talk to them,Yes,Yes,Not at all,No,
448.0,Male,Secondary,A little,No,,No,Yes,Not at all,No,
449.0,Male,Grammar,Don't know,Yes,It depends,Yes,No,,No,
450.0,Male,Grammar,A little,Yes,Would talk to them,Yes,No,,No,
451.0,Female,Grammar,A little,Yes,Don't know,Don't know,No,,No,
452.0,Female,Secondary,A little,Don't know,,No,No,,No,
453.0,Female,Secondary,A little,Yes,It depends,Don't know,Yes,A little,No,
454.0,Male,Secondary,Not at all,Yes,It depends,Yes,No,,No,
455.0,Female,Secondary,A little,Don't know,,Yes,No,,No,
456.0,Female,Grammar,Don't know,Don't know,,Yes,No,,No,
457.0,Female,Secondary,A lot,Yes,It depends,No,No,,No,
458.0,Female,Secondary,A little,Don't know,,No,Yes,A little,No,
459.0,Male,Secondary,A little,Don't know,,Don't know,No,,No,
460.0,Female,Secondary,Not at all,Yes,Would talk to them,Yes,Yes,A lot,No,
461.0,Female,Grammar,A little,Yes,Would not talk to them,No,Yes,Not at all,No,
462.0,Female,Secondary,A little,Don't know,,Yes,Yes,Not at all,No,
463.0,Female,Grammar,A little,Yes,It depends,Yes,No,,No,
464.0,Female,Secondary,A little,Yes,Would talk to them,Yes,Yes,A little,No,
465.0,Female,Grammar,A little,Yes,It depends,Don't know,Yes,Not at all,No,
466.0,Female,Secondary,A little,Don't know,,No,No,,No,
467.0,Female,Grammar,Not at all,Yes,Would talk to them,Yes,No,,No,
468.0,Male,Secondary,A little,Yes,Would talk to them,Don't know,No,,No,
469.0,Female,Grammar,A little,No,,Yes,No,,No,
470.0,Female,Grammar,A little,Yes,It depends,Yes,Yes,Not at all,No,
471.0,Female,Secondary,A little,Don't know,,Don't know,Yes,Not at all,No,
472.0,Male,Secondary,A little,Yes,It depends,Yes,No,,No,
473.0,Female,Secondary,A lot,Yes,It depends,Yes,No,,No,
474.0,Female,Secondary,A little,Yes,It depends,No,No,,No,
475.0,Male,,,,,,,,,
476.0,Male,Secondary,A little,Yes,It depends,Yes,Yes,Not at all,No,
477.0,Female,Other,A little,Don't know,,Yes,No,,No,
478.0,Male,Grammar,A little,Yes,It depends,Yes,No,,No,
479.0,Male,Grammar,A little,Don't know,,Yes,Yes,A little,No,
480.0,Male,Secondary,Not at all,Yes,It depends,Yes,No,,No,
481.0,Female,,,,,,,,,
482.0,Male,Grammar,Don't know,Yes,It depends,Don't know,No,,No,
483.0,Male,Grammar,Not at all,Yes,It depends,Yes,No,,No,
484.0,Female,Secondary,A little,Yes,It depends,Don't know,No,,No,
485.0,Female,Planned Integrated,A little,Yes,It depends,Don't know,No,,No,
486.0,Female,Secondary,A little,Yes,It depends,,No,,No,
487.0,Male,Grammar,Not at all,Don't know,,Yes,No,,No,
488.0,Female,Grammar,A little,Don't know,,Yes,No,,No,
489.0,Male,Secondary,A little,Yes,Would not talk to them,No,No,,No,
490.0,Female,Grammar,A little,Yes,It depends,Yes,No,,No,
491.0,Male,Secondary,A little,Yes,It depends,Don't know,Yes,Not at all,No,
492.0,Male,Grammar,A little,No,,No,Yes,Not at all,Yes,Not at all 
493.0,Female,Grammar,A little,Yes,It depends,Yes,No,,No,
494.0,Female,Grammar,A little,Yes,It depends,Yes,No,,No,
495.0,Male,Grammar,A little,Yes,It depends,Yes,No,,No,
496.0,Female,Secondary,A little,Don't know,,Don't know,No,,No,
497.0,Female,Grammar,A little,Don't know,,No,Yes,A lot,No,
498.0,Female,Secondary,Not at all,Yes,It depends,Yes,No,,No,
499.0,Female,Grammar,Not at all,Yes,It depends,Yes,No,,No,
500.0,Female,Secondary,A little,Yes,It depends,Yes,No,,Yes,Not at all 
501.0,Male,Secondary,A little,Yes,It depends,Don't know,No,,No,
502.0,Male,Grammar,A little,Yes,Would not talk to them,Yes,No,,No,
503.0,Female,Secondary,A little,No,,No,Yes,Not at all,Yes,Not at all 
504.0,Male,Secondary,A little,Yes,Would not talk to them,Yes,No,,No,
505.0,Female,Secondary,A little,Yes,It depends,No,Yes,Not at all,No,
506.0,Male,Secondary,A little,Yes,Would not talk to them,No,No,,No,
507.0,Female,Grammar,A little,Yes,Would talk to them,Yes,No,,No,
508.0,Male,Grammar,A little,Yes,It depends,Yes,No,,No,
509.0,Female,Grammar,Don't know,Yes,Would talk to them,Yes,No,,No,
510.0,Female,Grammar,A little,Yes,Would not talk to them,Yes,Yes,Not at all,No,
511.0,Female,Secondary,A little,Yes,It depends,No,Yes,Not at all,No,
512.0,Male,Grammar,Not at all,Yes,It depends,Yes,No,,No,
513.0,Male,Secondary,Don't know,Yes,It depends,Yes,No,,No,
514.0,Female,Grammar,A little,Yes,It depends,Yes,No,,No,
515.0,Female,Planned Integrated,A little,Yes,It depends,Yes,No,,No,
516.0,Female,Grammar,A lot,Don't know,,No,Yes,A little,No,
517.0,Male,Grammar,A little,Yes,It depends,Yes,No,,No,
518.0,Female,Secondary,Not at all,Yes,Would talk to them,Yes,No,,No,
519.0,Male,Secondary,A little,Yes,Would talk to them,Yes,No,,No,
520.0,Female,Secondary,Not at all,Yes,Would talk to them,Yes,No,,No,
521.0,Female,Grammar,A little,Yes,It depends,Don't know,No,,No,
522.0,Female,Secondary,A little,Yes,It depends,Yes,Yes,Not at all,No,
523.0,Female,Other,A little,Yes,It depends,Yes,No,,No,
524.0,Female,Grammar,A little,Yes,Would not talk to them,No,Yes,Not at all,No,
525.0,Female,Secondary,A little,Yes,Would talk to them,No,No,,No,
526.0,Female,Grammar,Not at all,Yes,It depends,Yes,No,,No,
527.0,Male,Secondary,A little,Yes,It depends,Yes,Yes,Not at all,No,
528.0,Female,Grammar,A little,Yes,Would talk to them,Yes,No,,No,
529.0,Female,Secondary,A little,Don't know,,Yes,Yes,Not at all,No,
530.0,Female,Secondary,A little,Yes,Would talk to them,Yes,No,,No,
531.0,Female,Grammar,A little,Don't know,,Don't know,Yes,Not at all,No,
532.0,Male,Grammar,A little,Yes,Would not talk to them,Yes,No,,No,
533.0,Female,Secondary,A little,Yes,It depends,Yes,Yes,Not at all,No,
534.0,Male,Grammar,A lot,No,,No,Yes,A little,No,
535.0,Male,Secondary,A little,Yes,It depends,Yes,Yes,A little,No,
536.0,Female,Secondary,Don't know,Yes,It depends,Yes,No,,No,
537.0,Female,Planned Integrated,A little,Yes,It depends,Don't know,No,,No,
538.0,Male,Secondary,A little,Yes,It depends,Yes,No,,No,
539.0,Male,Grammar,A little,Yes,It depends,Don't know,No,,No,
540.0,Female,Secondary,A lot,Yes,It depends,No,No,,No,
541.0,Female,Grammar,A little,Yes,It depends,Yes,Yes,Not at all,No,
542.0,Female,Secondary,A little,Yes,Would talk to them,Yes,No,,No,
543.0,Male,Secondary,Don't know,Don't know,,Don't know,No,,No,
544.0,Female,Secondary,A little,Yes,Would talk to them,Yes,No,,No,
545.0,Female,Other,A little,Yes,Would not talk to them,Yes,Yes,Not at all,No,
546.0,Female,Grammar,A little,No,,No,No,,No,
547.0,Female,Secondary,A little,Yes,Would talk to them,Yes,Yes,Not at all,No,
548.0,Female,Grammar,Not at all,,,,No,,No,
549.0,Male,Secondary,Don't know,Don't know,,Yes,Yes,A little,Yes,Not at all 
550.0,Female,Grammar,A little,No,,No,No,,No,
551.0,Male,Grammar,A little,Yes,Would not talk to them,Yes,Yes,Not at all,No,
552.0,Female,Secondary,A little,Yes,Would not talk to them,No,Yes,A lot,Yes,Not at all 
553.0,Male,Grammar,A little,Yes,It depends,No,No,,No,
554.0,Female,Secondary,A lot,No,,No,No,,Yes,A lot
555.0,Female,Secondary,A little,Yes,It depends,No,No,,No,
556.0,Female,Grammar,A little,Don't know,,No,No,,No,
557.0,Female,Secondary,A little,Yes,It depends,Yes,Yes,Not at all,No,
558.0,Male,Grammar,A little,No,,Yes,Yes,Not at all,Yes,Not at all 
559.0,Female,Grammar,A little,Yes,Would talk to them,Don't know,No,,No,
560.0,Female,Secondary,A little,Yes,It depends,Yes,Yes,Not at all,No,
561.0,Female,Grammar,A little,No,,Yes,No,,No,
562.0,Female,Secondary,A lot,Yes,It depends,No,No,,No,
563.0,Female,Grammar,A little,Yes,It depends,Yes,Yes,Not at all,No,
564.0,Female,Grammar,Don't know,Yes,It depends,Yes,No,,No,
565.0,Female,Secondary,A little,Yes,Would not talk to them,No,Yes,Not at all,No,
566.0,Male,Grammar,A lot,Yes,It depends,Yes,No,,No,
567.0,Male,Grammar,A little,Yes,It depends,Yes,No,,No,
568.0,Female,Secondary,A little,Yes,Would talk to them,Yes,Yes,Not at all,No,
569.0,Female,Secondary,A lot,No,,No,Yes,Not at all,No,
570.0,Male,Secondary,A little,Yes,Would talk to them,Yes,No,,No,
571.0,Female,Secondary,Don't know,No,,Yes,No,,No,
572.0,Female,Secondary,A little,Don't know,,No,No,,No,
573.0,Male,Grammar,Don't know,Don't know,,Don't know,No,,No,
574.0,Female,Grammar,A little,Yes,It depends,Yes,No,,,
575.0,Female,Grammar,A little,Yes,It depends,Yes,No,,No,
576.0,Male,Grammar,A little,No,,No,Yes,A little,No,
577.0,Male,Grammar,A little,Don't know,,Don't know,No,,No,
578.0,Female,Secondary,A little,Yes,It depends,Yes,Yes,Not at all,No,
579.0,Male,Grammar,A little,Yes,It depends,Yes,No,,Yes,A lot
580.0,Male,Grammar,A little,Yes,It depends,No,Yes,Not at all,No,
581.0,Male,Grammar,A little,No,,Yes,No,,No,
582.0,Male,Secondary,A little,Yes,Would not talk to them,No,Yes,A little,No,
583.0,Female,Grammar,A little,Yes,It depends,Yes,,,,
584.0,Male,Secondary,A little,No,,Yes,No,,Yes,Not at all 
585.0,Male,Secondary,A little,Yes,Would talk to them,Yes,Yes,A little,No,
586.0,Male,Secondary,A little,Yes,It depends,Don't know,Yes,Not at all,Yes,A little
587.0,Male,,,,,,,,,
588.0,Male,Secondary,A little,Yes,Would not talk to them,Yes,No,,No,
589.0,Female,Planned Integrated,A lot,Don't know,,No,Yes,A lot,No,
590.0,Female,Grammar,A little,Yes,Would talk to them,Yes,No,,No,
591.0,Female,Secondary,A little,Yes,Would talk to them,Yes,Yes,Not at all,No,
592.0,Female,Secondary,A lot,No,,No,Yes,A lot,No,
593.0,Male,Grammar,A little,Yes,It depends,Yes,Yes,Not at all,No,
594.0,Female,Grammar,A little,Yes,It depends,Yes,No,,No,
595.0,Male,Secondary,A little,Yes,Would talk to them,Yes,No,,No,
596.0,Male,Grammar,A little,No,,No,No,,No,
597.0,Female,Grammar,Not at all,Yes,It depends,Yes,No,,No,
598.0,Male,Secondary,A lot,Don't know,,Yes,No,,No,
599.0,Female,Grammar,A little,Yes,It depends,Don't know,Yes,A little,No,
600.0,Female,Grammar,A little,Don't know,,Yes,No,,No,
601.0,Male,Grammar,A little,Yes,Don't know,Don't know,Yes,Not at all,No,
602.0,Male,Grammar,Not at all,Yes,It depends,Don't know,No,,No,
603.0,Male,Grammar,A little,Yes,Would not talk to them,Yes,No,,No,
604.0,Female,Secondary,A little,Yes,It depends,Yes,No,,No,
605.0,Female,Secondary,A little,No,,No,No,,No,
606.0,Female,Grammar,A little,Yes,Would talk to them,Yes,No,,No,
607.0,Female,Grammar,Don't know,No,,Don't know,No,,No,
608.0,Female,Grammar,Not at all,Yes,It depends,Yes,Yes,Not at all,No,
609.0,Female,Grammar,A little,Yes,It depends,Don't know,Yes,Not at all,No,
610.0,Female,Secondary,A little,Yes,It depends,Yes,No,,No,
611.0,Female,Secondary,A little,Yes,Would not talk to them,No,No,,No,
612.0,Female,Other,Don't know,Don't know,,Don't know,No,,No,
613.0,Female,Grammar,A lot,Yes,It depends,Don't know,Yes,A little,No,
614.0,Female,Grammar,A little,Yes,It depends,Don't know,No,,No,
615.0,Male,Secondary,Don't know,Don't know,,Don't know,No,,No,
616.0,Female,Grammar,A little,Yes,It depends,Yes,Yes,Not at all,No,
617.0,Male,Grammar,A little,Yes,Would not talk to them,Yes,No,,No,
618.0,Male,Grammar,A little,Yes,It depends,No,No,,No,
619.0,Male,Grammar,A little,Yes,Don't know,Don't know,No,,Yes,Not at all 
620.0,Female,Secondary,A little,Yes,It depends,Yes,Yes,A little,No,
621.0,Female,Secondary,A lot,Yes,It depends,Don't know,No,,No,
622.0,Female,Secondary,A little,No,,Don't know,Yes,Not at all,No,
623.0,Female,Grammar,Don't know,Don't know,,Yes,No,,No,
624.0,Female,Secondary,A little,Don't know,,Yes,No,,No,
625.0,Male,Secondary,A little,Yes,It depends,Yes,No,,No,
626.0,Female,Grammar,A little,No,,Yes,Yes,Not at all,Yes,Not at all 
627.0,Male,Grammar,A little,Yes,It depends,Yes,No,,No,
628.0,Female,Grammar,A little,Yes,Would not talk to them,No,Yes,Not at all,No,
629.0,Female,Secondary,A little,Yes,It depends,Don't know,No,,No,
630.0,Female,Secondary,Not at all,No,,Yes,No,,No,
631.0,Male,Secondary,A little,Yes,Would not talk to them,Yes,No,,No,
632.0,Male,Secondary,Not at all,Yes,It depends,Yes,No,,No,
633.0,Male,Secondary,A little,Yes,It depends,Don't know,No,,Yes,A little
634.0,Male,Secondary,A lot,Don't know,,Don't know,No,,No,
635.0,Female,Secondary,A little,Yes,Would not talk to them,Don't know,No,,No,
636.0,Male,Grammar,Not at all,Don't know,,Don't know,No,,No,
637.0,Female,Secondary,A little,Yes,It depends,No,No,,No,
638.0,Male,Grammar,A little,Yes,It depends,Yes,Yes,Not at all,Yes,A little
639.0,Female,Planned Integrated,A little,Yes,Would talk to them,Yes,No,,No,
640.0,Female,Secondary,Don't know,Yes,It depends,Don't know,No,,No,
641.0,Male,Secondary,A little,Don't know,,Don't know,No,,No,
642.0,Male,Secondary,A little,Yes,Would not talk to them,No,No,,Yes,Not at all 
643.0,Female,Grammar,A little,Yes,It depends,Yes,No,,No,
644.0,Male,Grammar,A little,Yes,It depends,Yes,No,,No,
645.0,Male,Grammar,Not at all,Yes,It depends,Yes,No,,No,
646.0,Male,Secondary,A little,Don't know,,Yes,No,,No,
647.0,Female,Grammar,Don't know,No,,No,No,,No,
648.0,Male,Grammar,Not at all,Don't know,,Yes,No,,No,
649.0,Male,Planned Integrated,A little,Yes,It depends,Yes,No,,No,
650.0,Female,Grammar,Don't know,Yes,It depends,Yes,No,,No,
651.0,Male,Secondary,Not at all,Yes,Would talk to them,Yes,No,,No,
652.0,Female,Grammar,Don't know,No,,Yes,No,,No,
653.0,Female,Grammar,Not at all,Yes,It depends,Yes,No,,No,
654.0,Female,Secondary,A little,Yes,It depends,Yes,No,,No,
655.0,Female,Secondary,Don't know,No,,No,Yes,Not at all,No,
656.0,Female,,,,,,,,,
657.0,Female,Secondary,A lot,Yes,It depends,Yes,No,,No,
658.0,Female,Secondary,Don't know,Don't know,,Yes,No,,No,
659.0,Female,Secondary,Don't know,Yes,It depends,Yes,No,,No,
660.0,Female,Secondary,A little,Don't know,,Don't know,Yes,Not at all,No,
661.0,Female,Grammar,A lot,Yes,It depends,No,No,,No,
662.0,Male,Grammar,A little,No,,Don't know,Yes,Not at all,Yes,Not at all 
663.0,Male,Secondary,A lot,Don't know,,No,No,,No,
664.0,Male,Grammar,A little,Yes,Would not talk to them,Yes,No,,No,
665.0,Male,Grammar,A little,No,,No,No,,No,
666.0,Male,Secondary,A little,Yes,It depends,Yes,Yes,Not at all,No,
667.0,Female,Secondary,A lot,Yes,It depends,No,Yes,A lot,No,
668.0,Male,Grammar,A little,Yes,Would not talk to them,No,Yes,Not at all,No,
669.0,Male,Planned Integrated,A little,No,,No,No,,No,
670.0,Female,Secondary,A lot,Yes,Would not talk to them,Yes,Yes,Not at all,Yes,Not at all 
671.0,Female,Secondary,A lot,Yes,Would not talk to them,Yes,Yes,Not at all,No,
672.0,Male,Grammar,A little,Yes,Would not talk to them,No,Yes,Not at all,Yes,Not at all 
673.0,Female,Grammar,A little,Yes,It depends,Yes,Yes,Not at all,No,
674.0,Female,Grammar,A little,Yes,It depends,Yes,Yes,Not at all,No,
675.0,Female,Secondary,A little,Yes,It depends,Yes,Yes,Not at all,No,
676.0,Male,,,,,,,,,
677.0,Male,Secondary,Don't know,Yes,It depends,Yes,No,,No,
678.0,Female,Secondary,A little,Yes,It depends,Yes,No,,No,
679.0,Male,Grammar,A lot,Yes,Would talk to them,No,Yes,Not at all,No,
680.0,Male,Grammar,A little,,,,No,,No,
681.0,Male,Grammar,A little,Yes,Would not talk to them,Don't know,No,,No,
682.0,Male,Secondary,A little,Yes,Don't know,Yes,No,,No,
683.0,Male,Planned Integrated,Don't know,Don't know,,Yes,No,,Yes,Not at all 
684.0,Female,Secondary,A little,Yes,It depends,Yes,No,,No,
685.0,Female,Grammar,A little,Yes,Would not talk to them,Yes,No,,No,
686.0,Female,Planned Integrated,Don't know,Don't know,,No,No,,No,
687.0,Female,Secondary,A little,Yes,Would talk to them,Yes,No,,No,
688.0,Female,Secondary,A lot,Yes,Would not talk to them,Yes,Yes,A little,No,
689.0,Female,Secondary,A little,Yes,It depends,Yes,Yes,Not at all,No,
690.0,Male,Secondary,A lot,Yes,It depends,Yes,Yes,A little,No,
691.0,Female,Secondary,Don't know,Yes,It depends,Yes,No,,No,
692.0,Male,Planned Integrated,A little,Yes,It depends,Yes,Yes,Not at all,No,
693.0,Female,Grammar,A little,Yes,It depends,Yes,No,,No,
694.0,Male,Grammar,A little,No,,No,No,,No,
695.0,Female,Grammar,Don't know,Yes,It depends,Yes,No,,No,
696.0,Female,Grammar,A little,No,,No,No,,No,
697.0,Male,Grammar,A lot,Yes,Would not talk to them,No,Yes,A little,No,
698.0,Male,Other,A little,Yes,Would not talk to them,Don't know,No,,No,
699.0,Male,Grammar,A little,Yes,It depends,No,Yes,Not at all,No,
700.0,Female,Secondary,A little,No,,Yes,No,,No,
701.0,Male,Grammar,A lot,Yes,Would not talk to them,No,No,,No,
702.0,Female,Secondary,A little,Yes,Would talk to them,Don't know,Yes,Not at all,No,
703.0,Male,Grammar,A little,Yes,It depends,Don't know,No,,No,
704.0,Female,Grammar,Don't know,Yes,It depends,Don't know,No,,No,
705.0,Female,Grammar,A lot,Yes,It depends,Yes,Yes,Not at all,No,
706.0,Male,Secondary,A lot,,,,Yes,,No,
707.0,Male,Secondary,Not at all,No,,Don't know,No,,No,
708.0,Female,Grammar,Don't know,Yes,It depends,Yes,Yes,Not at all,No,
709.0,Male,Secondary,A little,Yes,Would not talk to them,Don't know,No,,Yes,Not at all 
710.0,Female,Secondary,A little,Yes,It depends,Yes,No,,No,
711.0,Female,Secondary,A lot,No,,No,Yes,Not at all,Yes,A little
712.0,Male,Grammar,A little,Don't know,,Don't know,No,,No,
713.0,Female,Secondary,A little,,,,No,,No,
714.0,Female,,,,,,,,,
715.0,Female,Grammar,Don't know,Don't know,,Don't know,Yes,Not at all,No,
716.0,Male,Grammar,Don't know,Don't know,,Don't know,No,,No,
717.0,Male,Secondary,Don't know,Don't know,,Yes,No,,No,
718.0,Male,Secondary,A little,Yes,It depends,,No,,No,
719.0,Female,Grammar,A little,Yes,Would not talk to them,No,Yes,A little,No,
720.0,Male,Secondary,Not at all,Don't know,,Yes,No,,No,
721.0,Female,Grammar,Don't know,Yes,Would talk to them,Don't know,No,,No,
722.0,Female,Secondary,A little,Yes,It depends,Yes,No,,No,
723.0,Female,Planned Integrated,A lot,Don't know,,No,No,,No,
724.0,Female,Secondary,A little,Don't know,,Yes,No,,No,
725.0,Female,Grammar,A little,Don't know,,Don't know,Yes,Not at all,No,
726.0,Female,Grammar,A lot,Don't know,,Don't know,No,,No,
727.0,Male,Grammar,A little,No,,Yes,Yes,Not at all,No,
728.0,Female,Grammar,A little,Yes,Would not talk to them,No,Yes,Not at all,No,
729.0,Female,Secondary,A little,Yes,Would talk to them,,Yes,,No,
730.0,Male,Grammar,A little,Don't know,,No,No,,No,
731.0,Male,Secondary,A little,Yes,Would not talk to them,Yes,No,,No,
732.0,Female,Grammar,A little,Yes,It depends,Don't know,No,,No,
733.0,Male,Secondary,A little,Yes,It depends,No,No,,No,
734.0,Male,Grammar,A little,Yes,It depends,Yes,Yes,Not at all,No,
735.0,Female,Secondary,A little,Yes,It depends,Don't know,No,,No,
736.0,Female,Secondary,A lot,Yes,It depends,Don't know,No,,No,
737.0,Female,Secondary,A little,Yes,Would talk to them,Don't know,Yes,Not at all,No,
738.0,Male,Secondary,A little,Yes,Would not talk to them,Yes,No,,No,
739.0,Male,Grammar,A little,Yes,It depends,Yes,No,,No,
740.0,Female,Secondary,A little,Yes,It depends,Yes,No,,No,
741.0,Male,Secondary,Don't know,Don't know,,Don't know,No,,No,
742.0,Male,Grammar,A little,Yes,Would not talk to them,No,No,,No,
743.0,Male,Secondary,Not at all,Yes,It depends,Yes,No,,No,
744.0,Male,Other,A lot,Yes,Would not talk to them,Don't know,Yes,Not at all,Yes,A little
745.0,Male,Grammar,Don't know,Don't know,,Yes,No,,No,
746.0,Male,Grammar,A little,Yes,Would not talk to them,Yes,Yes,Not at all,No,
747.0,Male,Grammar,A little,Don't know,,Don't know,No,,No,
748.0,Female,Secondary,A little,Yes,Would not talk to them,Don't know,Yes,A little,No,
749.0,Female,Grammar,A lot,No,,No,Yes,Not at all,No,
750.0,Female,Planned Integrated,A little,No,,Yes,Yes,A little,No,
751.0,Female,Grammar,A little,Yes,Would not talk to them,Don't know,No,,No,
752.0,Female,Grammar,A little,Yes,It depends,Yes,No,,No,
753.0,Female,Grammar,Don't know,Yes,It depends,Yes,Yes,Not at all,No,
754.0,Male,Secondary,A little,Yes,It depends,Don't know,Yes,A little,No,
755.0,Male,Grammar,Not at all,No,,Yes,No,,No,
756.0,Female,Grammar,A little,Don't know,,Don't know,No,,No,
757.0,Female,,,,,,,,,
758.0,Female,Secondary,Not at all,No,,No,No,,No,
759.0,Female,Grammar,Not at all,Yes,It depends,Yes,No,,No,
760.0,Male,Grammar,A little,Yes,It depends,Yes,No,,No,
761.0,Female,Grammar,Don't know,Yes,It depends,Yes,No,,No,
762.0,Male,Secondary,Not at all,Don't know,,Yes,No,,No,
763.0,Male,,,,,,,,,
764.0,Female,Secondary,A little,Yes,It depends,Yes,No,,No,
765.0,Male,Grammar,A little,Don't know,,No,Yes,A little,Yes,A little
766.0,Female,Grammar,A little,Don't know,,Don't know,No,,No,
767.0,Male,Secondary,A little,Yes,It depends,Don't know,,,No,
768.0,Male,Grammar,A little,Yes,Would talk to them,Yes,No,,No,
769.0,Female,Secondary,A little,Yes,It depends,Yes,No,,No,
770.0,Male,Secondary,A little,Yes,Would not talk to them,No,No,,No,
771.0,Male,Grammar,A little,Yes,It depends,Yes,Yes,Not at all,No,
772.0,Male,Secondary,A lot,Yes,Would not talk to them,No,No,,No,
773.0,Female,Secondary,A little,No,,No,Yes,A little,No,
774.0,Male,Secondary,A little,Yes,It depends,Yes,No,,No,
775.0,Male,Secondary,A little,No,,No,No,,Yes,A little
776.0,Male,Secondary,A lot,Yes,It depends,Don't know,No,,No,
777.0,Female,,,,,,,,,
778.0,Male,Grammar,Don't know,Yes,It depends,No,No,,No,
779.0,Male,Grammar,A little,No,,No,No,,No,
780.0,Male,Grammar,A little,No,,Yes,Yes,Not at all,Yes,Not at all 
781.0,Male,Secondary,A lot,Yes,It depends,Yes,Yes,Not at all,Yes,A little
782.0,Male,Secondary,A little,Yes,It depends,Don't know,Yes,Not at all,Yes,A little
783.0,Female,Grammar,A little,Yes,It depends,Yes,Yes,Not at all,No,
784.0,Male,Grammar,A little,No,,No,Yes,Not at all,No,
785.0,Female,Planned Integrated,A little,Yes,It depends,Yes,No,,Yes,A little
786.0,Female,Grammar,A lot,Yes,It depends,No,Yes,Not at all,No,
787.0,Female,Grammar,Don't know,Yes,It depends,Don't know,No,,No,
788.0,Female,Secondary,A little,Yes,Would talk to them,Yes,No,,No,
789.0,Male,Secondary,A little,Yes,Would not talk to them,Yes,Yes,Not at all,No,
790.0,Male,Secondary,Not at all,Yes,It depends,Don't know,No,,No,
791.0,Female,Secondary,A little,Yes,Would talk to them,Yes,No,,Yes,
792.0,Female,Secondary,A lot,Yes,It depends,Yes,No,,No,
793.0,Female,Secondary,A little,Yes,It depends,Yes,Yes,Not at all,No,
794.0,Female,Secondary,A little,Yes,It depends,Yes,No,,No,
795.0,Female,Grammar,Not at all,Yes,Would talk to them,Yes,No,,No,
796.0,Female,Secondary,A little,Yes,It depends,Yes,No,,No,
797.0,Male,Planned Integrated,A little,Yes,Would talk to them,Yes,No,,Yes,A little
798.0,Male,Grammar,A little,Yes,Would not talk to them,Yes,No,,No,
799.0,Male,Secondary,A little,Yes,It depends,Yes,No,,No,
800.0,Female,Grammar,A little,Yes,It depends,Yes,No,,No,
801.0,Male,Grammar,A little,Don't know,,Don't know,No,,No,
802.0,Male,Planned Integrated,A little,Yes,Would not talk to them,Don't know,Yes,Not at all,No,
803.0,Male,Secondary,Don't know,Don't know,,Don't know,No,,No,
804.0,Male,Secondary,A little,Yes,It depends,Yes,No,,No,
805.0,Female,Secondary,A little,Don't know,,Yes,No,,No,
806.0,Female,Grammar,A little,Yes,It depends,Yes,No,,No,
807.0,Female,Secondary,A little,Yes,It depends,Yes,Yes,Not at all,No,
808.0,Female,Grammar,A little,Don't know,,Don't know,Yes,Not at all,No,
809.0,Female,Grammar,A little,Yes,It depends,Yes,Yes,Not at all,No,
810.0,Male,Grammar,A little,No,,Yes,No,,Yes,Not at all 
811.0,Female,Grammar,A little,Yes,Would talk to them,Yes,Yes,Not at all,Yes,Not at all 
812.0,Male,Grammar,Not at all,Yes,Don't know,Yes,No,,No,
813.0,Male,Grammar,A little,Yes,It depends,Don't know,No,,No,
814.0,Female,Secondary,A little,Yes,Would not talk to them,No,No,,No,
815.0,Male,Grammar,A little,No,,Yes,No,,No,
816.0,Female,Secondary,Don't know,Don't know,,Yes,No,,No,
817.0,Male,Grammar,A little,Don't know,,No,No,,No,
818.0,Female,Grammar,A little,Yes,It depends,Yes,No,,No,
819.0,Male,Secondary,Not at all,Yes,Would not talk to them,No,No,,No,
